,index,mc_type,k,feat,noise,sep,Sums,acc,Total,only,acru
0,hubers,min_max,2,10,0.0,0.5,0,,,0,0.58
1,norm,min_max,2,10,0.0,0.5,0,,,0,0.58
2,tss,min_max,2,10,0.0,0.5,0,,,0,0.58
3,hubers,random_order,2,10,0.0,0.5,1,tp,1.0,1,0.58
4,norm,random_order,2,10,0.0,0.5,0,,,0,0.58
5,tss,random_order,2,10,0.0,0.5,0,,,0,0.58
6,hubers,pca_trans,2,10,0.0,0.5,0,,,0,0.58
7,norm,pca_trans,2,10,0.0,0.5,0,,,0,0.58
8,tss,pca_trans,2,10,0.0,0.5,0,,,0,0.58
9,hubers,min_max,2,10,0.0,1.0,0,,,0,0.94
10,norm,min_max,2,10,0.0,1.0,5,tp,1.0,0,0.94
11,tss,min_max,2,10,0.0,1.0,0,,,0,0.94
12,hubers,random_order,2,10,0.0,1.0,3,tp,1.0,0,0.94
13,norm,random_order,2,10,0.0,1.0,5,tp,1.0,0,0.94
14,tss,random_order,2,10,0.0,1.0,0,,,0,0.94
15,hubers,pca_trans,2,10,0.0,1.0,0,,,0,0.94
16,norm,pca_trans,2,10,0.0,1.0,4,,,0,0.94
17,tss,pca_trans,2,10,0.0,1.0,0,,,0,0.94
18,hubers,min_max,2,10,0.0,3.0,0,,,0,0.99
19,norm,min_max,2,10,0.0,3.0,2,tp,1.0,0,0.99
20,tss,min_max,2,10,0.0,3.0,0,,,0,0.99
21,hubers,random_order,2,10,0.0,3.0,3,tp,1.0,0,0.99
22,norm,random_order,2,10,0.0,3.0,2,tp,1.0,0,0.99
23,tss,random_order,2,10,0.0,3.0,0,,,0,0.99
24,hubers,pca_trans,2,10,0.0,3.0,1,tp,1.0,1,0.99
25,norm,pca_trans,2,10,0.0,3.0,5,tp,1.0,0,0.99
26,tss,pca_trans,2,10,0.0,3.0,0,,,0,0.99
27,hubers,min_max,4,10,0.0,0.5,0,,,0,0.37
28,norm,min_max,4,10,0.0,0.5,0,,,0,0.37
29,tss,min_max,4,10,0.0,0.5,0,,,0,0.37
30,hubers,random_order,4,10,0.0,0.5,0,,,0,0.37
31,norm,random_order,4,10,0.0,0.5,0,,,0,0.37
32,tss,random_order,4,10,0.0,0.5,0,,,0,0.37
33,hubers,pca_trans,4,10,0.0,0.5,0,,,0,0.37
34,norm,pca_trans,4,10,0.0,0.5,0,,,0,0.37
35,tss,pca_trans,4,10,0.0,0.5,0,,,0,0.37
36,hubers,min_max,4,10,0.0,1.0,0,,,0,0.46
37,norm,min_max,4,10,0.0,1.0,5,tp,1.0,0,0.46
38,tss,min_max,4,10,0.0,1.0,0,,,0,0.46
39,hubers,random_order,4,10,0.0,1.0,1,,,0,0.46
40,norm,random_order,4,10,0.0,1.0,2,,,0,0.46
41,tss,random_order,4,10,0.0,1.0,0,,,0,0.46
42,hubers,pca_trans,4,10,0.0,1.0,0,,,0,0.46
43,norm,pca_trans,4,10,0.0,1.0,1,,,0,0.46
44,tss,pca_trans,4,10,0.0,1.0,0,,,0,0.46
45,hubers,min_max,4,10,0.0,3.0,0,,,0,1.0
46,norm,min_max,4,10,0.0,3.0,5,tp,1.0,0,1.0
47,tss,min_max,4,10,0.0,3.0,0,,,0,1.0
48,hubers,random_order,4,10,0.0,3.0,5,tp,1.0,0,1.0
49,norm,random_order,4,10,0.0,3.0,5,tp,1.0,0,1.0
50,tss,random_order,4,10,0.0,3.0,0,,,0,1.0
51,hubers,pca_trans,4,10,0.0,3.0,2,tp,1.0,0,1.0
52,norm,pca_trans,4,10,0.0,3.0,5,tp,1.0,0,1.0
53,tss,pca_trans,4,10,0.0,3.0,0,,,0,1.0
54,hubers,min_max,5,10,0.0,0.5,0,,,0,0.29
55,norm,min_max,5,10,0.0,0.5,0,,,0,0.29
56,tss,min_max,5,10,0.0,0.5,0,,,0,0.29
57,hubers,random_order,5,10,0.0,0.5,0,,,0,0.29
58,norm,random_order,5,10,0.0,0.5,0,,,0,0.29
59,tss,random_order,5,10,0.0,0.5,0,,,0,0.29
60,hubers,pca_trans,5,10,0.0,0.5,0,,,0,0.29
61,norm,pca_trans,5,10,0.0,0.5,0,,,0,0.29
62,tss,pca_trans,5,10,0.0,0.5,0,,,0,0.29
63,hubers,min_max,5,10,0.0,1.0,0,,,0,0.56
64,norm,min_max,5,10,0.0,1.0,2,tp,1.0,0,0.56
65,tss,min_max,5,10,0.0,1.0,0,,,0,0.56
66,hubers,random_order,5,10,0.0,1.0,2,,,0,0.56
67,norm,random_order,5,10,0.0,1.0,0,,,0,0.56
68,tss,random_order,5,10,0.0,1.0,0,,,0,0.56
69,hubers,pca_trans,5,10,0.0,1.0,0,,,0,0.56
70,norm,pca_trans,5,10,0.0,1.0,0,,,0,0.56
71,tss,pca_trans,5,10,0.0,1.0,0,,,0,0.56
72,hubers,min_max,5,10,0.0,3.0,0,,,0,0.98
73,norm,min_max,5,10,0.0,3.0,5,tp,1.0,0,0.98
74,tss,min_max,5,10,0.0,3.0,0,,,0,0.98
75,hubers,random_order,5,10,0.0,3.0,5,tp,1.0,0,0.98
76,norm,random_order,5,10,0.0,3.0,5,tp,1.0,0,0.98
77,tss,random_order,5,10,0.0,3.0,0,,,0,0.98
78,hubers,pca_trans,5,10,0.0,3.0,0,,,0,0.98
79,norm,pca_trans,5,10,0.0,3.0,5,tp,1.0,0,0.98
80,tss,pca_trans,5,10,0.0,3.0,0,,,0,0.98
81,hubers,min_max,2,10,0.1,0.5,0,,,0,0.52
82,norm,min_max,2,10,0.1,0.5,2,,,0,0.52
83,tss,min_max,2,10,0.1,0.5,0,,,0,0.52
84,hubers,random_order,2,10,0.1,0.5,1,tp,1.0,1,0.52
85,norm,random_order,2,10,0.1,0.5,0,,,0,0.52
86,tss,random_order,2,10,0.1,0.5,0,,,0,0.52
87,hubers,pca_trans,2,10,0.1,0.5,0,,,0,0.52
88,norm,pca_trans,2,10,0.1,0.5,0,,,0,0.52
89,tss,pca_trans,2,10,0.1,0.5,0,,,0,0.52
90,hubers,min_max,2,10,0.1,1.0,0,,,0,0.68
91,norm,min_max,2,10,0.1,1.0,2,,,0,0.68
92,tss,min_max,2,10,0.1,1.0,0,,,0,0.68
93,hubers,random_order,2,10,0.1,1.0,2,tp,1.0,0,0.68
94,norm,random_order,2,10,0.1,1.0,0,,,0,0.68
95,tss,random_order,2,10,0.1,1.0,0,,,0,0.68
96,hubers,pca_trans,2,10,0.1,1.0,0,,,0,0.68
97,norm,pca_trans,2,10,0.1,1.0,0,,,0,0.68
98,tss,pca_trans,2,10,0.1,1.0,0,,,0,0.68
99,hubers,min_max,2,10,0.1,3.0,0,,,0,1.0
100,norm,min_max,2,10,0.1,3.0,0,,,0,1.0
101,tss,min_max,2,10,0.1,3.0,0,,,0,1.0
102,hubers,random_order,2,10,0.1,3.0,3,tp,1.0,0,1.0
103,norm,random_order,2,10,0.1,3.0,0,,,0,1.0
104,tss,random_order,2,10,0.1,3.0,0,,,0,1.0
105,hubers,pca_trans,2,10,0.1,3.0,1,tp,1.0,1,1.0
106,norm,pca_trans,2,10,0.1,3.0,2,tp,1.0,0,1.0
107,tss,pca_trans,2,10,0.1,3.0,0,,,0,1.0
108,hubers,min_max,4,10,0.1,0.5,0,,,0,0.39
109,norm,min_max,4,10,0.1,0.5,0,,,0,0.39
110,tss,min_max,4,10,0.1,0.5,0,,,0,0.39
111,hubers,random_order,4,10,0.1,0.5,0,,,0,0.39
112,norm,random_order,4,10,0.1,0.5,0,,,0,0.39
113,tss,random_order,4,10,0.1,0.5,0,,,0,0.39
114,hubers,pca_trans,4,10,0.1,0.5,0,,,0,0.39
115,norm,pca_trans,4,10,0.1,0.5,0,,,0,0.39
116,tss,pca_trans,4,10,0.1,0.5,0,,,0,0.39
117,hubers,min_max,4,10,0.1,1.0,0,,,0,0.61
118,norm,min_max,4,10,0.1,1.0,0,,,0,0.61
119,tss,min_max,4,10,0.1,1.0,0,,,0,0.61
120,hubers,random_order,4,10,0.1,1.0,3,tp,1.0,0,0.61
121,norm,random_order,4,10,0.1,1.0,0,,,0,0.61
122,tss,random_order,4,10,0.1,1.0,0,,,0,0.61
123,hubers,pca_trans,4,10,0.1,1.0,0,,,0,0.61
124,norm,pca_trans,4,10,0.1,1.0,0,,,0,0.61
125,tss,pca_trans,4,10,0.1,1.0,0,,,0,0.61
126,hubers,min_max,4,10,0.1,3.0,0,,,0,0.99
127,norm,min_max,4,10,0.1,3.0,4,tp,1.0,0,0.99
128,tss,min_max,4,10,0.1,3.0,0,,,0,0.99
129,hubers,random_order,4,10,0.1,3.0,5,tp,1.0,0,0.99
130,norm,random_order,4,10,0.1,3.0,4,tp,1.0,0,0.99
131,tss,random_order,4,10,0.1,3.0,0,,,0,0.99
132,hubers,pca_trans,4,10,0.1,3.0,1,tp,1.0,1,0.99
133,norm,pca_trans,4,10,0.1,3.0,5,tp,1.0,0,0.99
134,tss,pca_trans,4,10,0.1,3.0,0,,,0,0.99
135,hubers,min_max,5,10,0.1,0.5,0,,,0,0.38
136,norm,min_max,5,10,0.1,0.5,0,,,0,0.38
137,tss,min_max,5,10,0.1,0.5,0,,,0,0.38
138,hubers,random_order,5,10,0.1,0.5,1,,,0,0.38
139,norm,random_order,5,10,0.1,0.5,0,,,0,0.38
140,tss,random_order,5,10,0.1,0.5,0,,,0,0.38
141,hubers,pca_trans,5,10,0.1,0.5,0,,,0,0.38
142,norm,pca_trans,5,10,0.1,0.5,0,,,0,0.38
143,tss,pca_trans,5,10,0.1,0.5,0,,,0,0.38
144,hubers,min_max,5,10,0.1,1.0,0,,,0,0.37
145,norm,min_max,5,10,0.1,1.0,2,,,0,0.37
146,tss,min_max,5,10,0.1,1.0,0,,,0,0.37
147,hubers,random_order,5,10,0.1,1.0,0,,,0,0.37
148,norm,random_order,5,10,0.1,1.0,0,,,0,0.37
149,tss,random_order,5,10,0.1,1.0,0,,,0,0.37
150,hubers,pca_trans,5,10,0.1,1.0,0,,,0,0.37
151,norm,pca_trans,5,10,0.1,1.0,0,,,0,0.37
152,tss,pca_trans,5,10,0.1,1.0,0,,,0,0.37
153,hubers,min_max,5,10,0.1,3.0,0,,,0,0.99
154,norm,min_max,5,10,0.1,3.0,5,tp,1.0,0,0.99
155,tss,min_max,5,10,0.1,3.0,0,,,0,0.99
156,hubers,random_order,5,10,0.1,3.0,5,tp,1.0,0,0.99
157,norm,random_order,5,10,0.1,3.0,5,tp,1.0,0,0.99
158,tss,random_order,5,10,0.1,3.0,0,,,0,0.99
159,hubers,pca_trans,5,10,0.1,3.0,1,tp,1.0,1,0.99
160,norm,pca_trans,5,10,0.1,3.0,5,tp,1.0,0,0.99
161,tss,pca_trans,5,10,0.1,3.0,0,,,0,0.99
162,hubers,min_max,2,10,0.5,0.5,0,,,0,0.77
163,norm,min_max,2,10,0.5,0.5,0,,,0,0.77
164,tss,min_max,2,10,0.5,0.5,0,,,0,0.77
165,hubers,random_order,2,10,0.5,0.5,2,tp,1.0,0,0.77
166,norm,random_order,2,10,0.5,0.5,0,,,0,0.77
167,tss,random_order,2,10,0.5,0.5,0,,,0,0.77
168,hubers,pca_trans,2,10,0.5,0.5,0,,,0,0.77
169,norm,pca_trans,2,10,0.5,0.5,0,,,0,0.77
170,tss,pca_trans,2,10,0.5,0.5,0,,,0,0.77
171,hubers,min_max,2,10,0.5,1.0,0,,,0,0.49
172,norm,min_max,2,10,0.5,1.0,0,,,0,0.49
173,tss,min_max,2,10,0.5,1.0,0,,,0,0.49
174,hubers,random_order,2,10,0.5,1.0,1,tp,1.0,1,0.49
175,norm,random_order,2,10,0.5,1.0,0,,,0,0.49
176,tss,random_order,2,10,0.5,1.0,0,,,0,0.49
177,hubers,pca_trans,2,10,0.5,1.0,0,,,0,0.49
178,norm,pca_trans,2,10,0.5,1.0,0,,,0,0.49
179,tss,pca_trans,2,10,0.5,1.0,0,,,0,0.49
180,hubers,min_max,2,10,0.5,3.0,0,,,0,1.0
181,norm,min_max,2,10,0.5,3.0,0,,,0,1.0
182,tss,min_max,2,10,0.5,3.0,0,,,0,1.0
183,hubers,random_order,2,10,0.5,3.0,3,tp,1.0,0,1.0
184,norm,random_order,2,10,0.5,3.0,0,,,0,1.0
185,tss,random_order,2,10,0.5,3.0,0,,,0,1.0
186,hubers,pca_trans,2,10,0.5,3.0,1,tp,1.0,1,1.0
187,norm,pca_trans,2,10,0.5,3.0,5,tp,1.0,0,1.0
188,tss,pca_trans,2,10,0.5,3.0,0,,,0,1.0
189,hubers,min_max,4,10,0.5,0.5,0,,,0,0.52
190,norm,min_max,4,10,0.5,0.5,0,,,0,0.52
191,tss,min_max,4,10,0.5,0.5,0,,,0,0.52
192,hubers,random_order,4,10,0.5,0.5,2,,,0,0.52
193,norm,random_order,4,10,0.5,0.5,0,,,0,0.52
194,tss,random_order,4,10,0.5,0.5,0,,,0,0.52
195,hubers,pca_trans,4,10,0.5,0.5,0,,,0,0.52
196,norm,pca_trans,4,10,0.5,0.5,0,,,0,0.52
197,tss,pca_trans,4,10,0.5,0.5,0,,,0,0.52
198,hubers,min_max,4,10,0.5,1.0,0,,,0,0.65
199,norm,min_max,4,10,0.5,1.0,0,,,0,0.65
200,tss,min_max,4,10,0.5,1.0,0,,,0,0.65
201,hubers,random_order,4,10,0.5,1.0,2,,,0,0.65
202,norm,random_order,4,10,0.5,1.0,0,,,0,0.65
203,tss,random_order,4,10,0.5,1.0,0,,,0,0.65
204,hubers,pca_trans,4,10,0.5,1.0,0,,,0,0.65
205,norm,pca_trans,4,10,0.5,1.0,0,,,0,0.65
206,tss,pca_trans,4,10,0.5,1.0,0,,,0,0.65
207,hubers,min_max,4,10,0.5,3.0,0,,,0,0.95
208,norm,min_max,4,10,0.5,3.0,0,,,0,0.95
209,tss,min_max,4,10,0.5,3.0,0,,,0,0.95
210,hubers,random_order,4,10,0.5,3.0,2,,,0,0.95
211,norm,random_order,4,10,0.5,3.0,0,,,0,0.95
212,tss,random_order,4,10,0.5,3.0,0,,,0,0.95
213,hubers,pca_trans,4,10,0.5,3.0,1,,,0,0.95
214,norm,pca_trans,4,10,0.5,3.0,5,tp,1.0,0,0.95
215,tss,pca_trans,4,10,0.5,3.0,0,,,0,0.95
216,hubers,min_max,5,10,0.5,0.5,0,,,0,0.33
217,norm,min_max,5,10,0.5,0.5,0,,,0,0.33
218,tss,min_max,5,10,0.5,0.5,0,,,0,0.33
219,hubers,random_order,5,10,0.5,0.5,2,,,0,0.33
220,norm,random_order,5,10,0.5,0.5,0,,,0,0.33
221,tss,random_order,5,10,0.5,0.5,0,,,0,0.33
222,hubers,pca_trans,5,10,0.5,0.5,0,,,0,0.33
223,norm,pca_trans,5,10,0.5,0.5,0,,,0,0.33
224,tss,pca_trans,5,10,0.5,0.5,0,,,0,0.33
225,hubers,min_max,5,10,0.5,1.0,0,,,0,0.54
226,norm,min_max,5,10,0.5,1.0,0,,,0,0.54
227,tss,min_max,5,10,0.5,1.0,0,,,0,0.54
228,hubers,random_order,5,10,0.5,1.0,0,,,0,0.54
229,norm,random_order,5,10,0.5,1.0,0,,,0,0.54
230,tss,random_order,5,10,0.5,1.0,0,,,0,0.54
231,hubers,pca_trans,5,10,0.5,1.0,0,,,0,0.54
232,norm,pca_trans,5,10,0.5,1.0,0,,,0,0.54
233,tss,pca_trans,5,10,0.5,1.0,0,,,0,0.54
234,hubers,min_max,5,10,0.5,3.0,0,,,0,0.9
235,norm,min_max,5,10,0.5,3.0,3,tp,1.0,0,0.9
236,tss,min_max,5,10,0.5,3.0,0,,,0,0.9
237,hubers,random_order,5,10,0.5,3.0,5,tp,1.0,0,0.9
238,norm,random_order,5,10,0.5,3.0,3,,,0,0.9
239,tss,random_order,5,10,0.5,3.0,0,,,0,0.9
240,hubers,pca_trans,5,10,0.5,3.0,0,,,0,0.9
241,norm,pca_trans,5,10,0.5,3.0,5,tp,1.0,0,0.9
242,tss,pca_trans,5,10,0.5,3.0,0,,,0,0.9
243,hubers,min_max,2,20,0.0,0.5,0,,,0,0.58
244,norm,min_max,2,20,0.0,0.5,0,,,0,0.58
245,tss,min_max,2,20,0.0,0.5,0,,,0,0.58
246,hubers,random_order,2,20,0.0,0.5,0,,,0,0.58
247,norm,random_order,2,20,0.0,0.5,0,,,0,0.58
248,tss,random_order,2,20,0.0,0.5,0,,,0,0.58
249,hubers,pca_trans,2,20,0.0,0.5,0,,,0,0.58
250,norm,pca_trans,2,20,0.0,0.5,0,,,0,0.58
251,tss,pca_trans,2,20,0.0,0.5,0,,,0,0.58
252,hubers,min_max,2,20,0.0,1.0,0,,,0,0.54
253,norm,min_max,2,20,0.0,1.0,3,tp,1.0,0,0.54
254,tss,min_max,2,20,0.0,1.0,0,,,0,0.54
255,hubers,random_order,2,20,0.0,1.0,3,tp,1.0,0,0.54
256,norm,random_order,2,20,0.0,1.0,0,,,0,0.54
257,tss,random_order,2,20,0.0,1.0,0,,,0,0.54
258,hubers,pca_trans,2,20,0.0,1.0,0,,,0,0.54
259,norm,pca_trans,2,20,0.0,1.0,0,,,0,0.54
260,tss,pca_trans,2,20,0.0,1.0,0,,,0,0.54
261,hubers,min_max,2,20,0.0,3.0,0,,,0,1.0
262,norm,min_max,2,20,0.0,3.0,3,tp,1.0,0,1.0
263,tss,min_max,2,20,0.0,3.0,0,,,0,1.0
264,hubers,random_order,2,20,0.0,3.0,4,tp,1.0,0,1.0
265,norm,random_order,2,20,0.0,3.0,2,tp,1.0,0,1.0
266,tss,random_order,2,20,0.0,3.0,0,,,0,1.0
267,hubers,pca_trans,2,20,0.0,3.0,1,tp,1.0,1,1.0
268,norm,pca_trans,2,20,0.0,3.0,5,tp,1.0,0,1.0
269,tss,pca_trans,2,20,0.0,3.0,0,,,0,1.0
270,hubers,min_max,4,20,0.0,0.5,0,,,0,0.35
271,norm,min_max,4,20,0.0,0.5,0,,,0,0.35
272,tss,min_max,4,20,0.0,0.5,0,,,0,0.35
273,hubers,random_order,4,20,0.0,0.5,1,,,0,0.35
274,norm,random_order,4,20,0.0,0.5,0,,,0,0.35
275,tss,random_order,4,20,0.0,0.5,0,,,0,0.35
276,hubers,pca_trans,4,20,0.0,0.5,0,,,0,0.35
277,norm,pca_trans,4,20,0.0,0.5,0,,,0,0.35
278,tss,pca_trans,4,20,0.0,0.5,0,,,0,0.35
279,hubers,min_max,4,20,0.0,1.0,0,,,0,0.63
280,norm,min_max,4,20,0.0,1.0,0,,,0,0.63
281,tss,min_max,4,20,0.0,1.0,0,,,0,0.63
282,hubers,random_order,4,20,0.0,1.0,0,,,0,0.63
283,norm,random_order,4,20,0.0,1.0,0,,,0,0.63
284,tss,random_order,4,20,0.0,1.0,0,,,0,0.63
285,hubers,pca_trans,4,20,0.0,1.0,0,,,0,0.63
286,norm,pca_trans,4,20,0.0,1.0,0,,,0,0.63
287,tss,pca_trans,4,20,0.0,1.0,0,,,0,0.63
288,hubers,min_max,4,20,0.0,3.0,0,,,0,0.98
289,norm,min_max,4,20,0.0,3.0,5,tp,1.0,0,0.98
290,tss,min_max,4,20,0.0,3.0,0,,,0,0.98
291,hubers,random_order,4,20,0.0,3.0,5,tp,1.0,0,0.98
292,norm,random_order,4,20,0.0,3.0,5,tp,1.0,0,0.98
293,tss,random_order,4,20,0.0,3.0,0,,,0,0.98
294,hubers,pca_trans,4,20,0.0,3.0,2,tp,1.0,0,0.98
295,norm,pca_trans,4,20,0.0,3.0,5,tp,1.0,0,0.98
296,tss,pca_trans,4,20,0.0,3.0,0,,,0,0.98
297,hubers,min_max,5,20,0.0,0.5,0,,,0,0.36
298,norm,min_max,5,20,0.0,0.5,0,,,0,0.36
299,tss,min_max,5,20,0.0,0.5,0,,,0,0.36
300,hubers,random_order,5,20,0.0,0.5,0,,,0,0.36
301,norm,random_order,5,20,0.0,0.5,0,,,0,0.36
302,tss,random_order,5,20,0.0,0.5,0,,,0,0.36
303,hubers,pca_trans,5,20,0.0,0.5,0,,,0,0.36
304,norm,pca_trans,5,20,0.0,0.5,0,,,0,0.36
305,tss,pca_trans,5,20,0.0,0.5,0,,,0,0.36
306,hubers,min_max,5,20,0.0,1.0,0,,,0,0.38
307,norm,min_max,5,20,0.0,1.0,0,,,0,0.38
308,tss,min_max,5,20,0.0,1.0,0,,,0,0.38
309,hubers,random_order,5,20,0.0,1.0,0,,,0,0.38
310,norm,random_order,5,20,0.0,1.0,0,,,0,0.38
311,tss,random_order,5,20,0.0,1.0,0,,,0,0.38
312,hubers,pca_trans,5,20,0.0,1.0,0,,,0,0.38
313,norm,pca_trans,5,20,0.0,1.0,0,,,0,0.38
314,tss,pca_trans,5,20,0.0,1.0,0,,,0,0.38
315,hubers,min_max,5,20,0.0,3.0,0,,,0,0.98
316,norm,min_max,5,20,0.0,3.0,5,tp,1.0,0,0.98
317,tss,min_max,5,20,0.0,3.0,0,,,0,0.98
318,hubers,random_order,5,20,0.0,3.0,5,tp,1.0,0,0.98
319,norm,random_order,5,20,0.0,3.0,5,tp,1.0,0,0.98
320,tss,random_order,5,20,0.0,3.0,0,,,0,0.98
321,hubers,pca_trans,5,20,0.0,3.0,1,tp,1.0,1,0.98
322,norm,pca_trans,5,20,0.0,3.0,5,tp,1.0,0,0.98
323,tss,pca_trans,5,20,0.0,3.0,0,,,0,0.98
324,hubers,min_max,2,20,0.1,0.5,0,,,0,0.52
325,norm,min_max,2,20,0.1,0.5,0,,,0,0.52
326,tss,min_max,2,20,0.1,0.5,0,,,0,0.52
327,hubers,random_order,2,20,0.1,0.5,1,tp,1.0,1,0.52
328,norm,random_order,2,20,0.1,0.5,0,,,0,0.52
329,tss,random_order,2,20,0.1,0.5,0,,,0,0.52
330,hubers,pca_trans,2,20,0.1,0.5,0,,,0,0.52
331,norm,pca_trans,2,20,0.1,0.5,0,,,0,0.52
332,tss,pca_trans,2,20,0.1,0.5,0,,,0,0.52
333,hubers,min_max,2,20,0.1,1.0,0,,,0,0.6
334,norm,min_max,2,20,0.1,1.0,0,,,0,0.6
335,tss,min_max,2,20,0.1,1.0,0,,,0,0.6
336,hubers,random_order,2,20,0.1,1.0,1,tp,1.0,1,0.6
337,norm,random_order,2,20,0.1,1.0,0,,,0,0.6
338,tss,random_order,2,20,0.1,1.0,0,,,0,0.6
339,hubers,pca_trans,2,20,0.1,1.0,0,,,0,0.6
340,norm,pca_trans,2,20,0.1,1.0,1,,,0,0.6
341,tss,pca_trans,2,20,0.1,1.0,0,,,0,0.6
342,hubers,min_max,2,20,0.1,3.0,0,,,0,0.95
343,norm,min_max,2,20,0.1,3.0,1,tp,1.0,1,0.95
344,tss,min_max,2,20,0.1,3.0,0,,,0,0.95
345,hubers,random_order,2,20,0.1,3.0,3,tp,1.0,0,0.95
346,norm,random_order,2,20,0.1,3.0,0,,,0,0.95
347,tss,random_order,2,20,0.1,3.0,0,,,0,0.95
348,hubers,pca_trans,2,20,0.1,3.0,0,,,0,0.95
349,norm,pca_trans,2,20,0.1,3.0,5,tp,1.0,0,0.95
350,tss,pca_trans,2,20,0.1,3.0,0,,,0,0.95
351,hubers,min_max,4,20,0.1,0.5,0,,,0,0.29
352,norm,min_max,4,20,0.1,0.5,0,,,0,0.29
353,tss,min_max,4,20,0.1,0.5,0,,,0,0.29
354,hubers,random_order,4,20,0.1,0.5,0,,,0,0.29
355,norm,random_order,4,20,0.1,0.5,0,,,0,0.29
356,tss,random_order,4,20,0.1,0.5,0,,,0,0.29
357,hubers,pca_trans,4,20,0.1,0.5,0,,,0,0.29
358,norm,pca_trans,4,20,0.1,0.5,0,,,0,0.29
359,tss,pca_trans,4,20,0.1,0.5,0,,,0,0.29
360,hubers,min_max,4,20,0.1,1.0,0,,,0,0.43
361,norm,min_max,4,20,0.1,1.0,0,,,0,0.43
362,tss,min_max,4,20,0.1,1.0,0,,,0,0.43
363,hubers,random_order,4,20,0.1,1.0,0,,,0,0.43
364,norm,random_order,4,20,0.1,1.0,0,,,0,0.43
365,tss,random_order,4,20,0.1,1.0,0,,,0,0.43
366,hubers,pca_trans,4,20,0.1,1.0,0,,,0,0.43
367,norm,pca_trans,4,20,0.1,1.0,0,,,0,0.43
368,tss,pca_trans,4,20,0.1,1.0,0,,,0,0.43
369,hubers,min_max,4,20,0.1,3.0,0,,,0,0.98
370,norm,min_max,4,20,0.1,3.0,3,tp,1.0,0,0.98
371,tss,min_max,4,20,0.1,3.0,0,,,0,0.98
372,hubers,random_order,4,20,0.1,3.0,3,tp,1.0,0,0.98
373,norm,random_order,4,20,0.1,3.0,2,,,0,0.98
374,tss,random_order,4,20,0.1,3.0,0,,,0,0.98
375,hubers,pca_trans,4,20,0.1,3.0,0,,,0,0.98
376,norm,pca_trans,4,20,0.1,3.0,5,tp,1.0,0,0.98
377,tss,pca_trans,4,20,0.1,3.0,0,,,0,0.98
378,hubers,min_max,5,20,0.1,0.5,0,,,0,0.27
379,norm,min_max,5,20,0.1,0.5,0,,,0,0.27
380,tss,min_max,5,20,0.1,0.5,0,,,0,0.27
381,hubers,random_order,5,20,0.1,0.5,0,,,0,0.27
382,norm,random_order,5,20,0.1,0.5,0,,,0,0.27
383,tss,random_order,5,20,0.1,0.5,0,,,0,0.27
384,hubers,pca_trans,5,20,0.1,0.5,0,,,0,0.27
385,norm,pca_trans,5,20,0.1,0.5,0,,,0,0.27
386,tss,pca_trans,5,20,0.1,0.5,0,,,0,0.27
387,hubers,min_max,5,20,0.1,1.0,0,,,0,0.37
388,norm,min_max,5,20,0.1,1.0,0,,,0,0.37
389,tss,min_max,5,20,0.1,1.0,0,,,0,0.37
390,hubers,random_order,5,20,0.1,1.0,1,,,0,0.37
391,norm,random_order,5,20,0.1,1.0,0,,,0,0.37
392,tss,random_order,5,20,0.1,1.0,0,,,0,0.37
393,hubers,pca_trans,5,20,0.1,1.0,0,,,0,0.37
394,norm,pca_trans,5,20,0.1,1.0,0,,,0,0.37
395,tss,pca_trans,5,20,0.1,1.0,0,,,0,0.37
396,hubers,min_max,5,20,0.1,3.0,0,,,0,0.97
397,norm,min_max,5,20,0.1,3.0,5,tp,1.0,0,0.97
398,tss,min_max,5,20,0.1,3.0,0,,,0,0.97
399,hubers,random_order,5,20,0.1,3.0,5,tp,1.0,0,0.97
400,norm,random_order,5,20,0.1,3.0,0,,,0,0.97
401,tss,random_order,5,20,0.1,3.0,0,,,0,0.97
402,hubers,pca_trans,5,20,0.1,3.0,0,,,0,0.97
403,norm,pca_trans,5,20,0.1,3.0,5,tp,1.0,0,0.97
404,tss,pca_trans,5,20,0.1,3.0,0,,,0,0.97
405,hubers,min_max,2,20,0.5,0.5,0,,,0,0.51
406,norm,min_max,2,20,0.5,0.5,0,,,0,0.51
407,tss,min_max,2,20,0.5,0.5,0,,,0,0.51
408,hubers,random_order,2,20,0.5,0.5,2,tp,1.0,0,0.51
409,norm,random_order,2,20,0.5,0.5,0,,,0,0.51
410,tss,random_order,2,20,0.5,0.5,0,,,0,0.51
411,hubers,pca_trans,2,20,0.5,0.5,0,,,0,0.51
412,norm,pca_trans,2,20,0.5,0.5,0,,,0,0.51
413,tss,pca_trans,2,20,0.5,0.5,0,,,0,0.51
414,hubers,min_max,2,20,0.5,1.0,0,,,0,0.8
415,norm,min_max,2,20,0.5,1.0,0,,,0,0.8
416,tss,min_max,2,20,0.5,1.0,0,,,0,0.8
417,hubers,random_order,2,20,0.5,1.0,1,,,0,0.8
418,norm,random_order,2,20,0.5,1.0,0,,,0,0.8
419,tss,random_order,2,20,0.5,1.0,0,,,0,0.8
420,hubers,pca_trans,2,20,0.5,1.0,0,,,0,0.8
421,norm,pca_trans,2,20,0.5,1.0,0,,,0,0.8
422,tss,pca_trans,2,20,0.5,1.0,0,,,0,0.8
423,hubers,min_max,2,20,0.5,3.0,1,tp,1.0,1,1.0
424,norm,min_max,2,20,0.5,3.0,1,tp,1.0,1,1.0
425,tss,min_max,2,20,0.5,3.0,0,,,0,1.0
426,hubers,random_order,2,20,0.5,3.0,3,tp,1.0,0,1.0
427,norm,random_order,2,20,0.5,3.0,0,,,0,1.0
428,tss,random_order,2,20,0.5,3.0,0,,,0,1.0
429,hubers,pca_trans,2,20,0.5,3.0,1,tp,1.0,1,1.0
430,norm,pca_trans,2,20,0.5,3.0,5,tp,1.0,0,1.0
431,tss,pca_trans,2,20,0.5,3.0,0,,,0,1.0
432,hubers,min_max,4,20,0.5,0.5,0,,,0,0.4
433,norm,min_max,4,20,0.5,0.5,0,,,0,0.4
434,tss,min_max,4,20,0.5,0.5,0,,,0,0.4
435,hubers,random_order,4,20,0.5,0.5,0,,,0,0.4
436,norm,random_order,4,20,0.5,0.5,0,,,0,0.4
437,tss,random_order,4,20,0.5,0.5,0,,,0,0.4
438,hubers,pca_trans,4,20,0.5,0.5,0,,,0,0.4
439,norm,pca_trans,4,20,0.5,0.5,0,,,0,0.4
440,tss,pca_trans,4,20,0.5,0.5,0,,,0,0.4
441,hubers,min_max,4,20,0.5,1.0,0,,,0,0.42
442,norm,min_max,4,20,0.5,1.0,0,,,0,0.42
443,tss,min_max,4,20,0.5,1.0,0,,,0,0.42
444,hubers,random_order,4,20,0.5,1.0,1,,,0,0.42
445,norm,random_order,4,20,0.5,1.0,0,,,0,0.42
446,tss,random_order,4,20,0.5,1.0,0,,,0,0.42
447,hubers,pca_trans,4,20,0.5,1.0,0,,,0,0.42
448,norm,pca_trans,4,20,0.5,1.0,0,,,0,0.42
449,tss,pca_trans,4,20,0.5,1.0,0,,,0,0.42
450,hubers,min_max,4,20,0.5,3.0,0,,,0,0.96
451,norm,min_max,4,20,0.5,3.0,1,,,0,0.96
452,tss,min_max,4,20,0.5,3.0,0,,,0,0.96
453,hubers,random_order,4,20,0.5,3.0,5,tp,1.0,0,0.96
454,norm,random_order,4,20,0.5,3.0,0,,,0,0.96
455,tss,random_order,4,20,0.5,3.0,0,,,0,0.96
456,hubers,pca_trans,4,20,0.5,3.0,0,,,0,0.96
457,norm,pca_trans,4,20,0.5,3.0,5,tp,1.0,0,0.96
458,tss,pca_trans,4,20,0.5,3.0,0,,,0,0.96
459,hubers,min_max,5,20,0.5,0.5,0,,,0,0.37
460,norm,min_max,5,20,0.5,0.5,0,,,0,0.37
461,tss,min_max,5,20,0.5,0.5,0,,,0,0.37
462,hubers,random_order,5,20,0.5,0.5,1,,,0,0.37
463,norm,random_order,5,20,0.5,0.5,0,,,0,0.37
464,tss,random_order,5,20,0.5,0.5,0,,,0,0.37
465,hubers,pca_trans,5,20,0.5,0.5,0,,,0,0.37
466,norm,pca_trans,5,20,0.5,0.5,0,,,0,0.37
467,tss,pca_trans,5,20,0.5,0.5,0,,,0,0.37
468,hubers,min_max,5,20,0.5,1.0,0,,,0,0.44
469,norm,min_max,5,20,0.5,1.0,0,,,0,0.44
470,tss,min_max,5,20,0.5,1.0,0,,,0,0.44
471,hubers,random_order,5,20,0.5,1.0,1,,,0,0.44
472,norm,random_order,5,20,0.5,1.0,0,,,0,0.44
473,tss,random_order,5,20,0.5,1.0,0,,,0,0.44
474,hubers,pca_trans,5,20,0.5,1.0,0,,,0,0.44
475,norm,pca_trans,5,20,0.5,1.0,0,,,0,0.44
476,tss,pca_trans,5,20,0.5,1.0,0,,,0,0.44
477,hubers,min_max,5,20,0.5,3.0,0,,,0,0.99
478,norm,min_max,5,20,0.5,3.0,3,tp,1.0,0,0.99
479,tss,min_max,5,20,0.5,3.0,0,,,0,0.99
480,hubers,random_order,5,20,0.5,3.0,5,tp,1.0,0,0.99
481,norm,random_order,5,20,0.5,3.0,0,,,0,0.99
482,tss,random_order,5,20,0.5,3.0,0,,,0,0.99
483,hubers,pca_trans,5,20,0.5,3.0,0,,,0,0.99
484,norm,pca_trans,5,20,0.5,3.0,5,tp,1.0,0,0.99
485,tss,pca_trans,5,20,0.5,3.0,0,,,0,0.99
